Student,จักรยานเสือภูเขา,คอลลาเจน,Brownie อวกาศ,แม่โขง,Botox,กัญชา,กัญชง,เครื่องวัดความดัน,หลอดไฟเปลี่ยนสีได้,คอร์ส bikini wax,เก้าอี้นวดไฟฟ้า,ต้นไม้ประดับห้อง,หมอนข้าง,ตาชั่ง ,คอร์สโบท็อกกราม,แสงโสม,กะหรี่(ปั๊บ),Lego,แฟน ที่แปลว่าพัดลม,ยาดอง,ชุดนอนไม่ได้นอน,ที่ยกน้ำหนัก (Dumbell),เครื่องดูดฝุ่นอัตโนมัติ (robot),เนื้อวากิล,หมูแดดเดียว,drone,เครื่องย่อยเศษอาหาร,เสื้อซีทรู,ไพ่ยิปซี,เนื้อย่าง,เครื่องทำลายเอกสาร,กระเป๋า,ชาบู,Surfskate,Board game,เครื่องย่อยเศษอาหาร,ชุดน้องหมา,Omakase,เม็ดมะม่วงหิมพานต์,ไฟอัจฉริยะ,บัตตาเลี่ยนที่ตัดผม,ไดร์เป่าผม Dyson,แผ่นเสียง,กรรไกรตัดขนจมูก,PS5,เครื่องตรวจน้ำตาลในเลือด,โรตี,กะปิดอง,น้องหมา,แพ็คเกจไทยเที่ยวไทย,เกมส์ FIFA Online,มะม่วงเบา,ห้องน้ำแมวอัตโนมัติ,กระเป๋า chanel,ข้าวขาหมูคากิคาจักออนไลน์,ถั่งเช่า,หมอนสุขภาพสำหรับคนนอนไม่หลับ,อาหารแมวคลีนเพื่อสุขภาพลดหุ่น,น้ำส้มดีโด้,Software ถูกลิขสิทธิ์,ครีมกันแดด
1,ไม่เคย,ไม่เคย,ไม่เคย,ไม่เคย,ไม่เคย,ไม่เคย,ไม่เคย,ไม่เคย,ไม่เคย,ไม่เคย,ไม่เคย,ไม่เคย,เคย,ไม่เคย,ไม่เคย,ไม่เคย,เคย,เคย,เคย,ไม่เคย,ไม่เคย,ไม่เคย,เคย,เคย,เคย,ไม่เคย,ไม่เคย,ไม่เคย,ไม่เคย,เคย,ไม่เคย,เคย,เคย,ไม่เคย,เคย,ไม่เคย,ไม่เคย,เคย,เคย,ไม่เคย,ไม่เคย,ไม่เคย,ไม่เคย,เคย,เคย,ไม่เคย,เคย,ไม่เคย,ไม่เคย,ไม่เคย,ไม่เคย,ไม่เคย,ไม่เคย,ไม่เคย,ไม่เคย,ไม่เคย,ไม่เคย,ไม่เคย,เคย,เคย,เคย
2,ไม่เคย,เคย,ไม่เคย,เคย,ไม่เคย,ไม่เคย,ไม่เคย,เคย,ไม่เคย,ไม่เคย,ไม่เคย,ไม่เคย,เคย,เคย,ไม่เคย,เคย,เคย,ไม่เคย,เคย,ไม่เคย,เคย,เคย,เคย,ไม่เคย,เคย,ไม่เคย,ไม่เคย,เคย,เคย,ไม่เคย,ไม่เคย,เคย,เคย,ไม่เคย,ไม่เคย,ไม่เคย,ไม่เคย,ไม่เคย,เคย,ไม่เคย,ไม่เคย,ไม่เคย,ไม่เคย,เคย,ไม่เคย,เคย,เคย,เคย,ไม่เคย,เคย,ไม่เคย,เคย,ไม่เคย,ไม่เคย,ไม่เคย,เคย,เคย,ไม่เคย,เคย,ไม่เคย,เคย
3,เคย,ไม่เคย,ไม่เคย,ไม่เคย,ไม่เคย,ไม่เคย,ไม่เคย,เคย,เคย,ไม่เคย,ไม่เคย,เคย,เคย,เคย,ไม่เคย,ไม่เคย,เคย,เคย,เคย,ไม่เคย,เคย,เคย,ไม่เคย,เคย,เคย,เคย,ไม่เคย,เคย,ไม่เคย,เคย,เคย,เคย,เคย,เคย,เคย,ไม่เคย,เคย,ไม่เคย,เคย,เคย,เคย,ไม่เคย,ไม่เคย,ไม่เคย,ไม่เคย,เคย,เคย,ไม่เคย,เคย,ไม่เคย,ไม่เคย,เคย,ไม่เคย,ไม่เคย,ไม่เคย,ไม่เคย,เคย,ไม่เคย,เคย,เคย,เคย
4,ไม่เคย,ไม่เคย,ไม่เคย,เคย,ไม่เคย,เคย,ไม่เคย,ไม่เคย,ไม่เคย,ไม่เคย,เคย,เคย,เคย,เคย,ไม่เคย,เคย,เคย,เคย,เคย,เคย,ไม่เคย,ไม่เคย,เคย,เคย,เคย,ไม่เคย,ไม่เคย,ไม่เคย,ไม่เคย,เคย,ไม่เคย,เคย,เคย,ไม่เคย,เคย,ไม่เคย,ไม่เคย,เคย,เคย,ไม่เคย,เคย,ไม่เคย,ไม่เคย,เคย,ไม่เคย,ไม่เคย,เคย,ไม่เคย,ไม่เคย,ไม่เคย,เคย,ไม่เคย,ไม่เคย,ไม่เคย,ไม่เคย,ไม่เคย,ไม่เคย,ไม่เคย,ไม่เคย,ไม่เคย,เคย
5,ไม่เคย,เคย,ไม่เคย,ไม่เคย,เคย,ไม่เคย,ไม่เคย,ไม่เคย,ไม่เคย,ไม่เคย,ไม่เคย,เคย,ไม่เคย,ไม่เคย,เคย,ไม่เคย,เคย,ไม่เคย,เคย,ไม่เคย,ไม่เคย,เคย,เคย,ไม่เคย,เคย,ไม่เคย,ไม่เคย,ไม่เคย,เคย,ไม่เคย,ไม่เคย,เคย,เคย,ไม่เคย,เคย,ไม่เคย,เคย,ไม่เคย,เคย,ไม่เคย,ไม่เคย,เคย,ไม่เคย,ไม่เคย,ไม่เคย,ไม่เคย,เคย,ไม่เคย,เคย,,ไม่เคย,ไม่เคย,ไม่เคย,เคย,ไม่เคย,ไม่เคย,เคย,ไม่เคย,เคย,เคย,เคย
6,เคย,เคย,ไม่เคย,ไม่เคย,ไม่เคย,ไม่เคย,ไม่เคย,เคย,ไม่เคย,ไม่เคย,ไม่เคย,เคย,เคย,เคย,ไม่เคย,ไม่เคย,เคย,เคย,เคย,ไม่เคย,ไม่เคย,เคย,เคย,เคย,เคย,ไม่เคย,ไม่เคย,เคย,ไม่เคย,เคย,ไม่เคย,เคย,เคย,ไม่เคย,ไม่เคย,ไม่เคย,เคย,ไม่เคย,เคย,ไม่เคย,ไม่เคย,ไม่เคย,ไม่เคย,เคย,ไม่เคย,ไม่เคย,เคย,ไม่เคย,เคย,ไม่เคย,ไม่เคย,เคย,ไม่เคย,ไม่เคย,ไม่เคย,,เคย,ไม่เคย,ไม่เคย,ไม่เคย,เคย
7,ไม่เคย,ไม่เคย,ไม่เคย,เคย,ไม่เคย,ไม่เคย,ไม่เคย,เคย,ไม่เคย,ไม่เคย,ไม่เคย,เคย,เคย,ไม่เคย,ไม่เคย,เคย,เคย,ไม่เคย,เคย,ไม่เคย,ไม่เคย,เคย,ไม่เคย,เคย,เคย,ไม่เคย,ไม่เคย,ไม่เคย,ไม่เคย,เคย,ไม่เคย,เคย,เคย,ไม่เคย,เคย,ไม่เคย,เคย,ไม่เคย,เคย,ไม่เคย,ไม่เคย,ไม่เคย,ไม่เคย,ไม่เคย,ไม่เคย,ไม่เคย,เคย,เคย,ไม่เคย,ไม่เคย,ไม่เคย,เคย,ไม่เคย,ไม่เคย,ไม่เคย,ไม่เคย,เคย,ไม่เคย,เคย,เคย,เคย
8,ไม่เคย,ไม่เคย,ไม่เคย,ไม่เคย,ไม่เคย,ไม่เคย,ไม่เคย,เคย,ไม่เคย,ไม่เคย,ไม่เคย,เคย,เคย,เคย,ไม่เคย,เคย,ไม่เคย,ไม่เคย,ไม่เคย,ไม่เคย,ไม่เคย,เคย,เคย,ไม่เคย,,ไม่เคย,ไม่เคย,ไม่เคย,ไม่เคย,ไม่เคย,ไม่เคย,เคย,เคย,ไม่เคย,เคย,ไม่เคย,ไม่เคย,ไม่เคย,เคย,ไม่เคย,ไม่เคย,ไม่เคย,ไม่เคย,ไม่เคย,ไม่เคย,ไม่เคย,ไม่เคย,ไม่เคย,ไม่เคย,ไม่เคย,ไม่เคย,ไม่เคย,ไม่เคย,,ไม่เคย,ไม่เคย,ไม่เคย,ไม่เคย,ไม่เคย,ไม่เคย,เคย
9,ไม่เคย,ไม่เคย,ไม่เคย,ไม่เคย,ไม่เคย,เคย,ไม่เคย,เคย,ไม่เคย,ไม่เคย,ไม่เคย,เคย,เคย,เคย,ไม่เคย,ไม่เคย,เคย,ไม่เคย,เคย,ไม่เคย,ไม่เคย,เคย,เคย,เคย,เคย,ไม่เคย,ไม่เคย,ไม่เคย,เคย,เคย,ไม่เคย,เคย,เคย,ไม่เคย,เคย,ไม่เคย,ไม่เคย,ไม่เคย,เคย,เคย,ไม่เคย,ไม่เคย,ไม่เคย,ไม่เคย,ไม่เคย,เคย,เคย,ไม่เคย,ไม่เคย,เคย,ไม่เคย,ไม่เคย,ไม่เคย,ไม่เคย,เคย,เคย,ไม่เคย,ไม่เคย,ไม่เคย,เคย,เคย
10,ไม่เคย,เคย,ไม่เคย,ไม่เคย,ไม่เคย,ไม่เคย,ไม่เคย,เคย,ไม่เคย,ไม่เคย,ไม่เคย,เคย,เคย,ไม่เคย,ไม่เคย,ไม่เคย,เคย,เคย,ไม่เคย,เคย,ไม่เคย,เคย,ไม่เคย,เคย,เคย,ไม่เคย,ไม่เคย,ไม่เคย,ไม่เคย,เคย,ไม่เคย,เคย,เคย,ไม่เคย,ไม่เคย,ไม่เคย,เคย,ไม่เคย,เคย,ไม่เคย,ไม่เคย,ไม่เคย,ไม่เคย,ไม่เคย,ไม่เคย,ไม่เคย,เคย,ไม่เคย,ไม่เคย,ไม่เคย,ไม่เคย,เคย,ไม่เคย,ไม่เคย,ไม่เคย,ไม่เคย,ไม่เคย,ไม่เคย,ไม่เคย,เคย,เคย
11,เคย,ไม่เคย,ไม่เคย,ไม่เคย,ไม่เคย,ไม่เคย,ไม่เคย,ไม่เคย,ไม่เคย,ไม่เคย,ไม่เคย,ไม่เคย,เคย,ไม่เคย,ไม่เคย,ไม่เคย,ไม่เคย,ไม่เคย,ไม่เคย,ไม่เคย,ไม่เคย,เคย,ไม่เคย,เคย,เคย,ไม่เคย,ไม่เคย,ไม่เคย,ไม่เคย,เคย,ไม่เคย,เคย,เคย,ไม่เคย,ไม่เคย,ไม่เคย,ไม่เคย,ไม่เคย,เคย,ไม่เคย,ไม่เคย,ไม่เคย,ไม่เคย,เคย,ไม่เคย,ไม่เคย,เคย,ไม่เคย,ไม่เคย,ไม่เคย,ไม่เคย,เคย,ไม่เคย,ไม่เคย,เคย,ไม่เคย,ไม่เคย,ไม่เคย,ไม่เคย,เคย,เคย
12,ไม่เคย,ไม่เคย,ไม่เคย,เคย,ไม่เคย,เคย,ไม่เคย,เคย,ไม่เคย,ไม่เคย,ไม่เคย,เคย,เคย,เคย,ไม่เคย,เคย,เคย,ไม่เคย,เคย,ไม่เคย,ไม่เคย,ไม่เคย,ไม่เคย,เคย,เคย,ไม่เคย,ไม่เคย,ไม่เคย,ไม่เคย,เคย,ไม่เคย,เคย,เคย,ไม่เคย,ไม่เคย,,ไม่เคย,ไม่เคย,เคย,เคย,ไม่เคย,ไม่เคย,ไม่เคย,เคย,ไม่เคย,ไม่เคย,เคย,ไม่เคย,ไม่เคย,ไม่เคย,ไม่เคย,ไม่เคย,ไม่เคย,ไม่เคย,ไม่เคย,ไม่เคย,ไม่เคย,ไม่เคย,ไม่เคย,เคย,เคย
13,เคย,เคย,ไม่เคย,ไม่เคย,ไม่เคย,ไม่เคย,ไม่เคย,ไม่เคย,ไม่เคย,เคย,ไม่เคย,เคย,เคย,เคย,ไม่เคย,ไม่เคย,เคย,เคย,เคย,ไม่เคย,ไม่เคย,เคย,เคย,เคย,เคย,ไม่เคย,ไม่เคย,เคย,ไม่เคย,เคย,เคย,เคย,เคย,ไม่เคย,เคย,ไม่เคย,เคย,เคย,เคย,เคย,ไม่เคย,เคย,เคย,เคย,ไม่เคย,เคย,เคย,ไม่เคย,เคย,ไม่เคย,ไม่เคย,เคย,ไม่เคย,ไม่เคย,ไม่เคย,ไม่เคย,เคย,ไม่เคย,เคย,เคย,เคย
14,ไม่เคย,ไม่เคย,ไม่เคย,ไม่เคย,ไม่เคย,ไม่เคย,ไม่เคย,ไม่เคย,ไม่เคย,ไม่เคย,ไม่เคย,ไม่เคย,ไม่เคย,เคย,ไม่เคย,ไม่เคย,เคย,ไม่เคย,เคย,ไม่เคย,ไม่เคย,ไม่เคย,ไม่เคย,เคย,เคย,ไม่เคย,ไม่เคย,ไม่เคย,ไม่เคย,เคย,ไม่เคย,เคย,เคย,ไม่เคย,เคย,ไม่เคย,ไม่เคย,ไม่เคย,เคย,ไม่เคย,ไม่เคย,ไม่เคย,ไม่เคย,ไม่เคย,ไม่เคย,ไม่เคย,เคย,ไม่เคย,ไม่เคย,เคย,ไม่เคย,ไม่เคย,ไม่เคย,ไม่เคย,ไม่เคย,ไม่เคย,ไม่เคย,ไม่เคย,เคย,เคย,เคย
15,ไม่เคย,เคย,ไม่เคย,ไม่เคย,ไม่เคย,ไม่เคย,ไม่เคย,ไม่เคย,ไม่เคย,ไม่เคย,ไม่เคย,เคย,เคย,เคย,ไม่เคย,ไม่เคย,เคย,เคย,เคย,ไม่เคย,ไม่เคย,เคย,ไม่เคย,ไม่เคย,เคย,ไม่เคย,ไม่เคย,เคย,ไม่เคย,เคย,ไม่เคย,เคย,เคย,ไม่เคย,เคย,ไม่เคย,เคย,ไม่เคย,เคย,ไม่เคย,ไม่เคย,ไม่เคย,ไม่เคย,ไม่เคย,ไม่เคย,ไม่เคย,เคย,ไม่เคย,ไม่เคย,ไม่เคย,ไม่เคย,ไม่เคย,ไม่เคย,ไม่เคย,ไม่เคย,ไม่เคย,ไม่เคย,ไม่เคย,เคย,เคย,เคย
16,เคย,เคย,ไม่เคย,ไม่เคย,ไม่เคย,ไม่เคย,ไม่เคย,เคย,ไม่เคย,ไม่เคย,ไม่เคย,เคย,เคย,เคย,ไม่เคย,ไม่เคย,เคย,เคย,เคย,ไม่เคย,ไม่เคย,ไม่เคย,เคย,ไม่เคย,ไม่เคย,ไม่เคย,ไม่เคย,ไม่เคย,ไม่เคย,เคย,ไม่เคย,เคย,เคย,ไม่เคย,ไม่เคย,ไม่เคย,ไม่เคย,ไม่เคย,เคย,เคย,ไม่เคย,ไม่เคย,ไม่เคย,เคย,ไม่เคย,ไม่เคย,เคย,ไม่เคย,ไม่เคย,เคย,ไม่เคย,ไม่เคย,ไม่เคย,ไม่เคย,ไม่เคย,เคย,เคย,ไม่เคย,เคย,เคย,เคย
17,เคย,เคย,ไม่เคย,ไม่เคย,ไม่เคย,ไม่เคย,ไม่เคย,ไม่เคย,ไม่เคย,ไม่เคย,ไม่เคย,เคย,เคย,เคย,ไม่เคย,ไม่เคย,เคย,เคย,เคย,ไม่เคย,ไม่เคย,เคย,ไม่เคย,เคย,เคย,ไม่เคย,ไม่เคย,ไม่เคย,เคย,เคย,ไม่เคย,เคย,เคย,ไม่เคย,เคย,ไม่เคย,ไม่เคย,ไม่เคย,เคย,ไม่เคย,ไม่เคย,ไม่เคย,ไม่เคย,ไม่เคย,ไม่เคย,ไม่เคย,เคย,เคย,ไม่เคย,เคย,ไม่เคย,เคย,ไม่เคย,ไม่เคย,ไม่เคย,ไม่เคย,ไม่เคย,ไม่เคย,เคย,เคย,เคย
18,เคย,ไม่เคย,ไม่เคย,ไม่เคย,ไม่เคย,ไม่เคย,ไม่เคย,เคย,เคย,ไม่เคย,ไม่เคย,ไม่เคย,เคย,เคย,ไม่เคย,ไม่เคย,เคย,เคย,ไม่เคย,ไม่เคย,ไม่เคย,เคย,เคย,เคย,ไม่เคย,ไม่เคย,ไม่เคย,ไม่เคย,เคย,เคย,ไม่เคย,เคย,เคย,ไม่เคย,เคย,ไม่เคย,ไม่เคย,ไม่เคย,ไม่เคย,เคย,ไม่เคย,ไม่เคย,ไม่เคย,ไม่เคย,ไม่เคย,เคย,เคย,ไม่เคย,ไม่เคย,ไม่เคย,ไม่เคย,ไม่เคย,ไม่เคย,ไม่เคย,ไม่เคย,ไม่เคย,ไม่เคย,ไม่เคย,เคย,เคย,เคย
19,ไม่เคย,ไม่เคย,ไม่เคย,เคย,ไม่เคย,ไม่เคย,ไม่เคย,เคย,เคย,ไม่เคย,เคย,เคย,เคย,เคย,ไม่เคย,เคย,เคย,ไม่เคย,เคย,ไม่เคย,ไม่เคย,ไม่เคย,ไม่เคย,เคย,เคย,ไม่เคย,ไม่เคย,ไม่เคย,ไม่เคย,เคย,ไม่เคย,เคย,เคย,ไม่เคย,เคย,ไม่เคย,ไม่เคย,ไม่เคย,เคย,ไม่เคย,ไม่เคย,ไม่เคย,ไม่เคย,เคย,ไม่เคย,ไม่เคย,เคย,ไม่เคย,ไม่เคย,ไม่เคย,เคย,ไม่เคย,ไม่เคย,ไม่เคย,ไม่เคย,ไม่เคย,ไม่เคย,ไม่เคย,เคย,เคย,เคย
20,ไม่เคย,เคย,ไม่เคย,ไม่เคย,เคย,ไม่เคย,ไม่เคย,ไม่เคย,ไม่เคย,ไม่เคย,ไม่เคย,เคย,เคย,ไม่เคย,เคย,ไม่เคย,เคย,ไม่เคย,เคย,เคย,เคย,เคย,ไม่เคย,ไม่เคย,เคย,ไม่เคย,ไม่เคย,เคย,ไม่เคย,ไม่เคย,ไม่เคย,เคย,เคย,ไม่เคย,ไม่เคย,ไม่เคย,ไม่เคย,ไม่เคย,เคย,ไม่เคย,ไม่เคย,ไม่เคย,ไม่เคย,ไม่เคย,ไม่เคย,ไม่เคย,เคย,ไม่เคย,ไม่เคย,เคย,ไม่เคย,ไม่เคย,ไม่เคย,ไม่เคย,ไม่เคย,ไม่เคย,เคย,ไม่เคย,เคย,เคย,เคย
21,ไม่เคย,ไม่เคย,ไม่เคย,ไม่เคย,ไม่เคย,ไม่เคย,ไม่เคย,ไม่เคย,เคย,ไม่เคย,ไม่เคย,ไม่เคย,ไม่เคย,ไม่เคย,ไม่เคย,ไม่เคย,เคย,ไม่เคย,เคย,เคย,ไม่เคย,ไม่เคย,ไม่เคย,ไม่เคย,เคย,ไม่เคย,ไม่เคย,ไม่เคย,ไม่เคย,ไม่เคย,ไม่เคย,เคย,เคย,ไม่เคย,เคย,ไม่เคย,ไม่เคย,เคย,ไม่เคย,เคย,ไม่เคย,ไม่เคย,เคย,ไม่เคย,ไม่เคย,ไม่เคย,เคย,ไม่เคย,ไม่เคย,เคย,ไม่เคย,ไม่เคย,ไม่เคย,ไม่เคย,ไม่เคย,ไม่เคย,ไม่เคย,ไม่เคย,เคย,เคย,เคย
22,เคย,เคย,เคย,เคย,เคย,เคย,เคย,เคย,ไม่เคย,ไม่เคย,เคย,เคย,ไม่เคย,เคย,ไม่เคย,เคย,เคย,เคย,เคย,ไม่เคย,ไม่เคย,เคย,เคย,เคย,ไม่เคย,ไม่เคย,เคย,ไม่เคย,เคย,เคย,เคย,เคย,เคย,ไม่เคย,เคย,เคย,ไม่เคย,เคย,เคย,เคย,เคย,เคย,เคย,ไม่เคย,เคย,เคย,เคย,เคย,ไม่เคย,ไม่เคย,ไม่เคย,ไม่เคย,เคย,เคย,เคย,ไม่เคย,เคย,เคย,เคย,เคย,เคย
23,ไม่เคย,เคย,เคย,ไม่เคย,เคย,ไม่เคย,ไม่เคย,ไม่เคย,เคย,เคย,ไม่เคย,เคย,เคย,เคย,เคย,ไม่เคย,เคย,เคย,เคย,ไม่เคย,เคย,เคย,เคย,เคย,เคย,ไม่เคย,ไม่เคย,เคย,เคย,เคย,ไม่เคย,เคย,เคย,ไม่เคย,ไม่เคย,ไม่เคย,เคย,ไม่เคย,เคย,เคย,ไม่เคย,ไม่เคย,ไม่เคย,เคย,ไม่เคย,เคย,เคย,เคย,เคย,เคย,เคย,เคย,ไม่เคย,เคย,เคย,เคย,เคย,ไม่เคย,เคย,เคย,เคย
24,เคย,เคย,ไม่เคย,ไม่เคย,ไม่เคย,ไม่เคย,ไม่เคย,ไม่เคย,เคย,ไม่เคย,ไม่เคย,เคย,เคย,เคย,ไม่เคย,ไม่เคย,เคย,เคย,เคย,ไม่เคย,ไม่เคย,เคย,เคย,ไม่เคย,ไม่เคย,ไม่เคย,เคย,ไม่เคย,ไม่เคย,ไม่เคย,เคย,เคย,เคย,ไม่เคย,เคย,เคย,เคย,ไม่เคย,เคย,เคย,ไม่เคย,ไม่เคย,ไม่เคย,ไม่เคย,ไม่เคย,ไม่เคย,เคย,เคย,เคย,ไม่เคย,ไม่เคย,ไม่เคย,ไม่เคย,ไม่เคย,ไม่เคย,ไม่เคย,เคย,เคย,เคย,เคย,เคย
25,ไม่เคย,ไม่เคย,ไม่เคย,ไม่เคย,ไม่เคย,ไม่เคย,ไม่เคย,ไม่เคย,ไม่เคย,ไม่เคย,ไม่เคย,ไม่เคย,เคย,เคย,ไม่เคย,ไม่เคย,เคย,ไม่เคย,เคย,ไม่เคย,ไม่เคย,ไม่เคย,ไม่เคย,ไม่เคย,ไม่เคย,ไม่เคย,ไม่เคย,ไม่เคย,ไม่เคย,ไม่เคย,ไม่เคย,เคย,เคย,ไม่เคย,เคย,ไม่เคย,ไม่เคย,ไม่เคย,เคย,ไม่เคย,ไม่เคย,ไม่เคย,เคย,ไม่เคย,ไม่เคย,ไม่เคย,ไม่เคย,ไม่เคย,ไม่เคย,เคย,ไม่เคย,ไม่เคย,ไม่เคย,ไม่เคย,ไม่เคย,เคย,ไม่เคย,ไม่เคย,เคย,ไม่เคย,เคย
26,ไม่เคย,ไม่เคย,ไม่เคย,ไม่เคย,ไม่เคย,ไม่เคย,ไม่เคย,ไม่เคย,ไม่เคย,ไม่เคย,ไม่เคย,เคย,เคย,เคย,ไม่เคย,เคย,เคย,เคย,เคย,เคย,ไม่เคย,เคย,ไม่เคย,เคย,เคย,ไม่เคย,ไม่เคย,ไม่เคย,ไม่เคย,เคย,ไม่เคย,เคย,เคย,ไม่เคย,เคย,ไม่เคย,เคย,ไม่เคย,เคย,ไม่เคย,ไม่เคย,ไม่เคย,ไม่เคย,ไม่เคย,ไม่เคย,ไม่เคย,เคย,ไม่เคย,ไม่เคย,เคย,ไม่เคย,ไม่เคย,ไม่เคย,ไม่เคย,ไม่เคย,ไม่เคย,เคย,ไม่เคย,เคย,เคย,เคย
27,ไม่เคย,ไม่เคย,ไม่เคย,ไม่เคย,ไม่เคย,เคย,ไม่เคย,เคย,ไม่เคย,ไม่เคย,ไม่เคย,เคย,เคย,ไม่เคย,ไม่เคย,เคย,เคย,เคย,เคย,เคย,ไม่เคย,ไม่เคย,เคย,ไม่เคย,เคย,ไม่เคย,ไม่เคย,ไม่เคย,ไม่เคย,เคย,ไม่เคย,เคย,เคย,ไม่เคย,เคย,ไม่เคย,ไม่เคย,ไม่เคย,เคย,ไม่เคย,ไม่เคย,ไม่เคย,ไม่เคย,ไม่เคย,ไม่เคย,ไม่เคย,เคย,ไม่เคย,ไม่เคย,ไม่เคย,เคย,ไม่เคย,ไม่เคย,ไม่เคย,ไม่เคย,ไม่เคย,ไม่เคย,ไม่เคย,เคย,ไม่เคย,เคย
28,เคย,เคย,ไม่เคย,เคย,เคย,ไม่เคย,ไม่เคย,ไม่เคย,เคย,ไม่เคย,ไม่เคย,ไม่เคย,เคย,ไม่เคย,เคย,เคย,เคย,ไม่เคย,เคย,ไม่เคย,ไม่เคย,เคย,ไม่เคย,เคย,เคย,เคย,ไม่เคย,เคย,เคย,เคย,ไม่เคย,เคย,เคย,ไม่เคย,ไม่เคย,ไม่เคย,ไม่เคย,ไม่เคย,เคย,ไม่เคย,ไม่เคย,ไม่เคย,เคย,เคย,ไม่เคย,ไม่เคย,เคย,ไม่เคย,ไม่เคย,ไม่เคย,ไม่เคย,ไม่เคย,ไม่เคย,ไม่เคย,ไม่เคย,ไม่เคย,เคย,ไม่เคย,ไม่เคย,เคย,เคย
29,ไม่เคย,เคย,ไม่เคย,ไม่เคย,ไม่เคย,ไม่เคย,ไม่เคย,ไม่เคย,ไม่เคย,ไม่เคย,ไม่เคย,เคย,เคย,เคย,ไม่เคย,ไม่เคย,เคย,เคย,เคย,ไม่เคย,ไม่เคย,ไม่เคย,เคย,เคย,เคย,เคย,ไม่เคย,ไม่เคย,เคย,เคย,เคย,เคย,เคย,ไม่เคย,เคย,ไม่เคย,เคย,ไม่เคย,เคย,ไม่เคย,ไม่เคย,ไม่เคย,ไม่เคย,ไม่เคย,ไม่เคย,ไม่เคย,เคย,ไม่เคย,เคย,เคย,ไม่เคย,ไม่เคย,ไม่เคย,ไม่เคย,ไม่เคย,ไม่เคย,ไม่เคย,ไม่เคย,ไม่เคย,เคย,เคย
30,เคย,ไม่เคย,เคย,เคย,เคย,เคย,เคย,ไม่เคย,ไม่เคย,ไม่เคย,ไม่เคย,เคย,เคย,เคย,ไม่เคย,เคย,เคย,เคย,เคย,ไม่เคย,ไม่เคย,ไม่เคย,ไม่เคย,เคย,เคย,ไม่เคย,ไม่เคย,ไม่เคย,ไม่เคย,เคย,ไม่เคย,เคย,เคย,ไม่เคย,ไม่เคย,ไม่เคย,ไม่เคย,เคย,เคย,ไม่เคย,ไม่เคย,ไม่เคย,เคย,ไม่เคย,ไม่เคย,,เคย,ไม่เคย,ไม่เคย,เคย,ไม่เคย,ไม่เคย,ไม่เคย,เคย,เคย,ไม่เคย,ไม่เคย,ไม่เคย,ไม่เคย,เคย,เคย
31,ไม่เคย,ไม่เคย,ไม่เคย,ไม่เคย,ไม่เคย,ไม่เคย,ไม่เคย,ไม่เคย,ไม่เคย,ไม่เคย,ไม่เคย,ไม่เคย,เคย,ไม่เคย,ไม่เคย,ไม่เคย,เคย,ไม่เคย,เคย,ไม่เคย,ไม่เคย,ไม่เคย,เคย,ไม่เคย,เคย,ไม่เคย,ไม่เคย,ไม่เคย,ไม่เคย,ไม่เคย,ไม่เคย,เคย,เคย,ไม่เคย,ไม่เคย,ไม่เคย,เคย,ไม่เคย,เคย,ไม่เคย,ไม่เคย,ไม่เคย,ไม่เคย,ไม่เคย,ไม่เคย,ไม่เคย,เคย,ไม่เคย,เคย,เคย,ไม่เคย,เคย,ไม่เคย,ไม่เคย,ไม่เคย,เคย,เคย,ไม่เคย,เคย,ไม่เคย,เคย
32,เคย,เคย,ไม่เคย,ไม่เคย,เคย,ไม่เคย,ไม่เคย,เคย,ไม่เคย,ไม่เคย,ไม่เคย,ไม่เคย,เคย,เคย,เคย,ไม่เคย,เคย,เคย,เคย,เคย,เคย,เคย,เคย,เคย,เคย,ไม่เคย,ไม่เคย,เคย,ไม่เคย,เคย,ไม่เคย,เคย,เคย,ไม่เคย,ไม่เคย,ไม่เคย,เคย,เคย,เคย,ไม่เคย,ไม่เคย,ไม่เคย,ไม่เคย,เคย,ไม่เคย,เคย,เคย,เคย,เคย,เคย,ไม่เคย,เคย,ไม่เคย,ไม่เคย,ไม่เคย,ไม่เคย,ไม่เคย,ไม่เคย,ไม่เคย,เคย,เคย
33,ไม่เคย,เคย,ไม่เคย,ไม่เคย,เคย,ไม่เคย,ไม่เคย,ไม่เคย,ไม่เคย,ไม่เคย,ไม่เคย,ไม่เคย,เคย,ไม่เคย,ไม่เคย,ไม่เคย,เคย,ไม่เคย,เคย,ไม่เคย,ไม่เคย,เคย,ไม่เคย,เคย,ไม่เคย,ไม่เคย,ไม่เคย,ไม่เคย,ไม่เคย,เคย,เคย,เคย,เคย,ไม่เคย,ไม่เคย,ไม่เคย,ไม่เคย,ไม่เคย,เคย,ไม่เคย,เคย,ไม่เคย,ไม่เคย,ไม่เคย,ไม่เคย,ไม่เคย,เคย,ไม่เคย,ไม่เคย,ไม่เคย,ไม่เคย,เคย,ไม่เคย,ไม่เคย,ไม่เคย,ไม่เคย,ไม่เคย,ไม่เคย,เคย,เคย,เคย
34,ไม่เคย,ไม่เคย,ไม่เคย,ไม่เคย,ไม่เคย,ไม่เคย,ไม่เคย,ไม่เคย,ไม่เคย,ไม่เคย,เคย,เคย,เคย,เคย,ไม่เคย,ไม่เคย,เคย,เคย,เคย,ไม่เคย,ไม่เคย,ไม่เคย,ไม่เคย,เคย,เคย,ไม่เคย,ไม่เคย,ไม่เคย,ไม่เคย,เคย,ไม่เคย,เคย,เคย,ไม่เคย,เคย,ไม่เคย,ไม่เคย,ไม่เคย,เคย,ไม่เคย,เคย,ไม่เคย,ไม่เคย,ไม่เคย,ไม่เคย,ไม่เคย,เคย,เคย,ไม่เคย,เคย,ไม่เคย,ไม่เคย,ไม่เคย,ไม่เคย,ไม่เคย,ไม่เคย,ไม่เคย,ไม่เคย,ไม่เคย,เคย,เคย
35,ไม่เคย,เคย,ไม่เคย,ไม่เคย,ไม่เคย,ไม่เคย,ไม่เคย,เคย,ไม่เคย,ไม่เคย,ไม่เคย,ไม่เคย,เคย,เคย,ไม่เคย,ไม่เคย,เคย,เคย,ไม่เคย,ไม่เคย,ไม่เคย,ไม่เคย,ไม่เคย,ไม่เคย,ไม่เคย,ไม่เคย,ไม่เคย,ไม่เคย,ไม่เคย,ไม่เคย,ไม่เคย,เคย,เคย,ไม่เคย,เคย,ไม่เคย,เคย,ไม่เคย,เคย,ไม่เคย,เคย,ไม่เคย,ไม่เคย,ไม่เคย,ไม่เคย,ไม่เคย,เคย,ไม่เคย,เคย,ไม่เคย,ไม่เคย,ไม่เคย,ไม่เคย,ไม่เคย,ไม่เคย,ไม่เคย,ไม่เคย,ไม่เคย,เคย,เคย,เคย
36,เคย,เคย,ไม่เคย,ไม่เคย,เคย,ไม่เคย,ไม่เคย,เคย,เคย,ไม่เคย,ไม่เคย,เคย,เคย,เคย,ไม่เคย,ไม่เคย,ไม่เคย,เคย,เคย,เคย,ไม่เคย,เคย,เคย,ไม่เคย,ไม่เคย,ไม่เคย,ไม่เคย,ไม่เคย,ไม่เคย,ไม่เคย,ไม่เคย,เคย,เคย,เคย,เคย,ไม่เคย,เคย,ไม่เคย,ไม่เคย,เคย,ไม่เคย,ไม่เคย,ไม่เคย,เคย,ไม่เคย,เคย,เคย,ไม่เคย,ไม่เคย,เคย,ไม่เคย,ไม่เคย,ไม่เคย,ไม่เคย,ไม่เคย,ไม่เคย,ไม่เคย,ไม่เคย,ไม่เคย,เคย,เคย
37,ไม่เคย,เคย,ไม่เคย,ไม่เคย,ไม่เคย,ไม่เคย,เคย,ไม่เคย,เคย,ไม่เคย,ไม่เคย,เคย,เคย,เคย,ไม่เคย,ไม่เคย,เคย,เคย,เคย,ไม่เคย,ไม่เคย,ไม่เคย,เคย,เคย,เคย,ไม่เคย,ไม่เคย,ไม่เคย,ไม่เคย,เคย,ไม่เคย,เคย,เคย,ไม่เคย,ไม่เคย,ไม่เคย,ไม่เคย,ไม่เคย,เคย,เคย,ไม่เคย,ไม่เคย,เคย,ไม่เคย,ไม่เคย,ไม่เคย,เคย,ไม่เคย,ไม่เคย,ไม่เคย,ไม่เคย,เคย,ไม่เคย,ไม่เคย,ไม่เคย,ไม่เคย,ไม่เคย,ไม่เคย,เคย,เคย,เคย
38,ไม่เคย,เคย,ไม่เคย,ไม่เคย,ไม่เคย,ไม่เคย,ไม่เคย,ไม่เคย,ไม่เคย,ไม่เคย,ไม่เคย,ไม่เคย,ไม่เคย,เคย,ไม่เคย,ไม่เคย,เคย,ไม่เคย,ไม่เคย,ไม่เคย,ไม่เคย,ไม่เคย,ไม่เคย,ไม่เคย,เคย,ไม่เคย,ไม่เคย,เคย,ไม่เคย,ไม่เคย,ไม่เคย,เคย,เคย,ไม่เคย,เคย,ไม่เคย,ไม่เคย,ไม่เคย,ไม่เคย,ไม่เคย,ไม่เคย,ไม่เคย,ไม่เคย,ไม่เคย,ไม่เคย,ไม่เคย,เคย,ไม่เคย,ไม่เคย,ไม่เคย,ไม่เคย,ไม่เคย,ไม่เคย,ไม่เคย,ไม่เคย,ไม่เคย,ไม่เคย,ไม่เคย,เคย,เคย,เคย
39,เคย,เคย,เคย,เคย,ไม่เคย,เคย,ไม่เคย,ไม่เคย,ไม่เคย,ไม่เคย,ไม่เคย,เคย,เคย,เคย,ไม่เคย,เคย,เคย,เคย,เคย,เคย,ไม่เคย,เคย,เคย,เคย,เคย,เคย,ไม่เคย,ไม่เคย,ไม่เคย,เคย,ไม่เคย,เคย,เคย,เคย,เคย,ไม่เคย,ไม่เคย,เคย,เคย,เคย,เคย,ไม่เคย,เคย,เคย,ไม่เคย,ไม่เคย,เคย,ไม่เคย,ไม่เคย,เคย,เคย,ไม่เคย,เคย,เคย,ไม่เคย,ไม่เคย,เคย,เคย,เคย,เคย,เคย
40,เคย,เคย,ไม่เคย,เคย,ไม่เคย,ไม่เคย,ไม่เคย,ไม่เคย,ไม่เคย,ไม่เคย,ไม่เคย,เคย,เคย,ไม่เคย,ไม่เคย,เคย,เคย,เคย,ไม่เคย,ไม่เคย,ไม่เคย,เคย,เคย,ไม่เคย,เคย,ไม่เคย,ไม่เคย,ไม่เคย,ไม่เคย,ไม่เคย,ไม่เคย,เคย,เคย,ไม่เคย,ไม่เคย,ไม่เคย,ไม่เคย,ไม่เคย,เคย,ไม่เคย,ไม่เคย,ไม่เคย,ไม่เคย,ไม่เคย,ไม่เคย,ไม่เคย,เคย,เคย,ไม่เคย,เคย,ไม่เคย,เคย,เคย,ไม่เคย,ไม่เคย,ไม่เคย,ไม่เคย,ไม่เคย,เคย,ไม่เคย,เคย
41,ไม่เคย,ไม่เคย,ไม่เคย,เคย,ไม่เคย,ไม่เคย,ไม่เคย,ไม่เคย,ไม่เคย,ไม่เคย,ไม่เคย,เคย,เคย,เคย,ไม่เคย,เคย,เคย,เคย,เคย,ไม่เคย,เคย,เคย,เคย,เคย,เคย,ไม่เคย,ไม่เคย,ไม่เคย,เคย,เคย,ไม่เคย,เคย,เคย,ไม่เคย,ไม่เคย,ไม่เคย,ไม่เคย,เคย,เคย,ไม่เคย,ไม่เคย,ไม่เคย,ไม่เคย,เคย,ไม่เคย,ไม่เคย,เคย,ไม่เคย,ไม่เคย,เคย,ไม่เคย,ไม่เคย,ไม่เคย,ไม่เคย,ไม่เคย,เคย,เคย,ไม่เคย,ไม่เคย,ไม่เคย,เคย
42,ไม่เคย,เคย,ไม่เคย,เคย,ไม่เคย,ไม่เคย,ไม่เคย,ไม่เคย,ไม่เคย,เคย,ไม่เคย,เคย,ไม่เคย,ไม่เคย,ไม่เคย,เคย,เคย,เคย,ไม่เคย,เคย,เคย,ไม่เคย,ไม่เคย,เคย,เคย,ไม่เคย,ไม่เคย,เคย,เคย,เคย,ไม่เคย,เคย,เคย,ไม่เคย,เคย,ไม่เคย,ไม่เคย,เคย,เคย,ไม่เคย,ไม่เคย,ไม่เคย,ไม่เคย,เคย,ไม่เคย,ไม่เคย,เคย,ไม่เคย,ไม่เคย,เคย,ไม่เคย,เคย,ไม่เคย,ไม่เคย,ไม่เคย,ไม่เคย,เคย,ไม่เคย,เคย,ไม่เคย,เคย
43,เคย,ไม่เคย,ไม่เคย,เคย,ไม่เคย,ไม่เคย,ไม่เคย,เคย,เคย,ไม่เคย,ไม่เคย,เคย,เคย,เคย,ไม่เคย,เคย,เคย,ไม่เคย,เคย,ไม่เคย,ไม่เคย,เคย,เคย,เคย,เคย,ไม่เคย,ไม่เคย,ไม่เคย,ไม่เคย,เคย,เคย,เคย,เคย,ไม่เคย,เคย,ไม่เคย,ไม่เคย,ไม่เคย,เคย,เคย,ไม่เคย,เคย,ไม่เคย,เคย,ไม่เคย,ไม่เคย,เคย,ไม่เคย,ไม่เคย,ไม่เคย,ไม่เคย,เคย,ไม่เคย,ไม่เคย,ไม่เคย,ไม่เคย,ไม่เคย,ไม่เคย,เคย,เคย,เคย
44,ไม่เคย,ไม่เคย,เคย,เคย,ไม่เคย,เคย,เคย,ไม่เคย,ไม่เคย,ไม่เคย,เคย,เคย,เคย,ไม่เคย,ไม่เคย,ไม่เคย,เคย,เคย,เคย,เคย,ไม่เคย,เคย,เคย,เคย,เคย,เคย,ไม่เคย,ไม่เคย,ไม่เคย,ไม่เคย,ไม่เคย,เคย,เคย,ไม่เคย,เคย,ไม่เคย,ไม่เคย,ไม่เคย,เคย,ไม่เคย,ไม่เคย,ไม่เคย,เคย,ไม่เคย,ไม่เคย,ไม่เคย,เคย,ไม่เคย,ไม่เคย,ไม่เคย,ไม่เคย,เคย,ไม่เคย,ไม่เคย,ไม่เคย,ไม่เคย,ไม่เคย,ไม่เคย,ไม่เคย,เคย,เคย
